job_role,job_level,employees,leavers,attrition_pct,avg_monthly_income,avg_job_satisfaction,overtime_pct
Healthcare Representative,2,78,3,3.85,5865.35,2.795,26.92
Healthcare Representative,3,44,5,11.36,9363.95,2.727,25.0
Healthcare Representative,4,9,1,11.11,12973.0,3.0,55.56
Human Resources,1,33,10,30.3,2733.21,2.636,24.24
Human Resources,2,13,0,0.0,5563.46,2.615,23.08
Human Resources,3,6,2,33.33,9623.0,2.0,33.33
Laboratory Technician,1,200,56,28.0,2854.59,2.66,24.0
Laboratory Technician,2,56,5,8.93,4455.63,2.839,23.21
Laboratory Technician,3,3,1,33.33,5998.0,2.0,33.33
Manager,3,12,2,16.67,12233.0,2.75,41.67
Manager,4,47,0,0.0,16613.28,2.638,27.66
Manager,5,43,3,6.98,19183.98,2.767,20.93
Manufacturing Director,2,90,5,5.56,5612.76,2.633,23.33
Manufacturing Director,3,45,5,11.11,9307.04,2.711,28.89
Manufacturing Director,4,10,0,0.0,13383.0,3.0,50.0
Research Director,3,28,0,0.0,12721.57,2.571,32.14
Research Director,4,26,0,0.0,16429.04,2.846,19.23
Research Director,5,26,2,7.69,19204.81,2.692,34.62
Research Scientist,1,234,45,19.23,2827.65,2.795,33.33
Research Scientist,2,57,2,3.51,4818.91,2.719,33.33
Research Scientist,3,1,0,0.0,9724.0,1.0,0.0
Sales Executive,2,233,36,15.45,5800.88,2.773,28.76
Sales Executive,3,79,17,21.52,9124.99,2.759,27.85
Sales Executive,4,14,4,28.57,13202.5,2.429,35.71
Sales Representative,1,76,32,42.11,2506.72,2.671,28.95
Sales Representative,2,7,1,14.29,3921.0,3.429,28.57
