Age,Attrition,BusinessTravel,DailyRate,Department,DistanceFromHome,Education,EducationField,EmployeeCount,EmployeeNumber,EnvironmentSatisfaction,Gender,HourlyRate,JobInvolvement,JobLevel,JobRole,JobSatisfaction,MaritalStatus,MonthlyIncome,MonthlyRate,NumCompaniesWorked,Over18,OverTime,PercentSalaryHike,PerformanceRating,RelationshipSatisfaction,StandardHours,StockOptionLevel,TotalWorkingYears,TrainingTimesLastYear,WorkLifeBalance,YearsAtCompany,YearsInCurrentRole,YearsSinceLastPromotion,YearsWithCurrManager
41,Yes,Travel_Rarely,1102,Sales,1,2,Life Sciences,1,1,2,Female,94,3,2,Sales Executive,4,Single,5993,19479,8,Y,Yes,11,3,1,80,0,8,0,1,6,4,0,5
32,No,Travel_Rarely,334,Research & Development,5,2,Life Sciences,1,21,1,Male,80,4,1,Research Scientist,2,Divorced,3298,15053,0,Y,Yes,12,3,4,80,2,7,5,2,6,2,0,5
30,No,Travel_Rarely,125,Research & Development,9,2,Medical,1,41,4,Male,83,2,1,Laboratory Technician,3,Single,2206,16117,1,Y,No,13,3,1,80,0,10,5,3,10,0,1,8
37,No,Travel_Rarely,408,Research & Development,19,2,Life Sciences,1,61,2,Male,73,3,1,Research Scientist,2,Married,3022,10227,4,Y,No,21,4,1,80,0,8,1,3,1,0,0,0
59,No,Travel_Rarely,1435,Sales,25,3,Life Sciences,1,81,1,Female,99,3,3,Sales Executive,1,Single,7637,2354,7,Y,No,11,3,4,80,0,28,3,2,21,16,7,9
45,No,Travel_Rarely,193,Research & Development,6,4,Other,1,101,4,Male,52,3,3,Research Director,1,Married,13245,15067,4,Y,Yes,14,3,2,80,0,17,3,4,0,0,0,0
30,No,Travel_Rarely,1334,Sales,4,2,Medical,1,121,3,Female,63,2,2,Sales Executive,2,Divorced,5209,19760,1,Y,Yes,12,3,2,80,3,11,4,2,11,8,2,7
50,No,Travel_Frequently,1115,Research & Development,1,3,Life Sciences,1,141,1,Female,73,3,5,Research Director,2,Married,18172,9755,3,Y,Yes,19,3,1,80,0,28,1,2,8,3,0,7
56,Yes,Travel_Rarely,441,Research & Development,14,4,Life Sciences,1,161,2,Female,72,3,1,Research Scientist,2,Married,4963,4510,9,Y,Yes,18,3,1,80,3,7,2,3,5,4,4,3
19,No,Travel_Rarely,1181,Research & Development,3,1,Medical,1,201,2,Female,79,3,1,Laboratory Technician,2,Single,1483,16102,1,Y,No,14,3,4,80,0,1,3,3,1,0,0,0
28,No,Travel_Rarely,440,Research & Development,21,3,Medical,1,221,3,Male,42,3,1,Research Scientist,4,Married,2713,6672,1,Y,No,11,3,3,80,1,5,2,1,5,2,0,2
56,No,Travel_Rarely,713,Research & Development,8,3,Life Sciences,1,241,3,Female,67,3,1,Research Scientist,1,Divorced,4257,13939,4,Y,Yes,18,3,3,80,1,19,3,3,2,2,2,2
35,Yes,Travel_Rarely,556,Research & Development,23,2,Life Sciences,1,261,2,Male,50,2,2,Manufacturing Director,3,Married,5916,15497,3,Y,Yes,13,3,1,80,0,8,1,3,1,0,0,1
40,No,Travel_Rarely,905,Research & Development,19,2,Medical,1,281,3,Male,99,3,2,Laboratory Technician,4,Married,2741,16523,8,Y,Yes,15,3,3,80,1,15,2,4,7,2,3,7
59,No,Travel_Rarely,818,Human Resources,6,2,Medical,1,321,2,Male,52,3,1,Human Resources,3,Married,2267,25657,8,Y,No,17,3,4,80,0,7,2,2,2,2,2,2
45,No,Travel_Frequently,1199,Research & Development,7,4,Life Sciences,1,341,1,Male,77,4,2,Manufacturing Director,3,Married,6434,5118,4,Y,No,17,3,4,80,1,9,1,3,3,2,0,2
38,No,Non-Travel,1327,Sales,2,2,Life Sciences,1,361,4,Male,39,2,2,Sales Executive,4,Married,5249,19682,3,Y,No,18,3,4,80,1,13,0,3,8,7,7,5
35,No,Travel_Rarely,1315,Research & Development,22,3,Life Sciences,1,381,2,Female,71,4,3,Manager,2,Divorced,11996,19100,7,Y,No,18,3,2,80,1,10,6,2,7,7,6,2
26,Yes,Travel_Rarely,950,Sales,4,4,Marketing,1,401,4,Male,48,2,2,Sales Executive,4,Single,5828,8450,1,Y,Yes,12,3,2,80,0,8,0,3,8,7,7,4
38,No,Travel_Rarely,849,Research & Development,25,2,Life Sciences,1,421,1,Female,81,2,3,Research Director,2,Married,12061,26707,3,Y,No,17,3,3,80,1,19,2,3,10,8,0,1
30,No,Travel_Rarely,1275,Research & Development,28,2,Medical,1,441,4,Female,64,3,2,Research Scientist,4,Married,5775,11934,1,Y,No,13,3,4,80,2,11,2,3,10,8,1,9
38,No,Travel_Rarely,343,Research & Development,15,2,Life Sciences,1,461,3,Male,92,2,3,Research Director,4,Divorced,11510,15682,0,Y,Yes,14,3,2,80,1,12,3,3,11,10,2,9
36,No,Travel_Frequently,541,Sales,3,4,Medical,1,481,1,Male,48,2,3,Sales Executive,4,Married,9699,7246,4,Y,No,11,3,1,80,1,16,2,3,13,9,1,12
36,No,Travel_Rarely,329,Research & Development,2,3,Life Sciences,1,501,4,Female,96,3,1,Research Scientist,3,Married,2543,11868,4,Y,No,13,3,2,80,1,6,3,3,2,2,2,2
40,No,Travel_Rarely,555,Research & Development,2,3,Medical,1,521,2,Female,78,2,2,Laboratory Technician,3,Married,3448,13436,6,Y,No,22,4,2,80,1,20,3,3,1,0,0,0
31,No,Travel_Rarely,1274,Research & Development,9,1,Life Sciences,1,581,3,Male,33,3,3,Manufacturing Director,2,Divorced,10648,14394,1,Y,No,25,4,4,80,1,13,6,4,13,8,0,8
40,No,Travel_Rarely,302,Research & Development,6,3,Life Sciences,1,601,2,Female,75,3,4,Manufacturing Director,3,Single,13237,20364,7,Y,No,15,3,3,80,0,22,3,3,20,6,5,13
34,No,Travel_Rarely,258,Sales,21,4,Life Sciences,1,621,4,Male,74,4,2,Sales Executive,4,Single,5337,19921,1,Y,No,12,3,4,80,0,10,3,3,10,7,5,7
26,No,Travel_Rarely,703,Sales,28,2,Marketing,1,641,1,Male,66,3,2,Sales Executive,2,Married,6272,7428,1,Y,No,20,4,4,80,2,6,5,4,5,3,1,4
43,No,Travel_Rarely,782,Research & Development,6,4,Other,1,661,2,Male,50,2,4,Research Director,4,Divorced,16627,2671,4,Y,Yes,14,3,3,80,1,21,3,2,1,0,0,0
20,Yes,Travel_Rarely,1362,Research & Development,10,1,Medical,1,701,4,Male,32,3,1,Research Scientist,3,Single,1009,26999,1,Y,Yes,11,3,4,80,0,1,5,3,1,0,1,1
39,No,Travel_Rarely,408,Research & Development,2,4,Technical Degree,1,721,4,Female,80,2,2,Healthcare Representative,3,Single,4553,20978,1,Y,No,11,3,1,80,0,20,4,3,20,7,11,10
28,Yes,Travel_Rarely,654,Research & Development,1,2,Life Sciences,1,741,1,Female,67,1,1,Research Scientist,2,Single,2216,3872,7,Y,Yes,13,3,4,80,0,10,4,3,7,7,3,7
25,No,Travel_Rarely,883,Sales,26,1,Medical,1,781,3,Female,32,3,2,Sales Executive,4,Single,6180,22807,1,Y,No,23,4,2,80,0,6,5,2,6,5,1,4
30,No,Travel_Frequently,1012,Research & Development,5,4,Life Sciences,1,861,2,Male,75,2,1,Research Scientist,4,Divorced,3761,2373,9,Y,No,12,3,2,80,1,10,3,2,5,4,0,3
35,Yes,Travel_Frequently,130,Research & Development,25,4,Life Sciences,1,881,4,Female,96,3,1,Research Scientist,2,Divorced,2022,16612,1,Y,Yes,19,3,1,80,1,10,3,2,10,2,7,8
53,No,Travel_Rarely,102,Research & Development,23,4,Life Sciences,1,901,4,Female,72,3,4,Research Director,4,Single,14275,20206,6,Y,No,18,3,3,80,0,33,0,3,12,9,3,8
31,No,Travel_Rarely,154,Sales,7,4,Life Sciences,1,941,2,Male,41,2,1,Sales Representative,3,Married,2329,11737,3,Y,No,15,3,2,80,0,13,2,4,7,7,5,2
31,No,Travel_Rarely,616,Research & Development,12,3,Medical,1,961,4,Female,41,3,2,Healthcare Representative,4,Married,5855,17369,0,Y,Yes,11,3,3,80,2,10,2,1,9,7,8,5
53,No,Travel_Rarely,1376,Sales,2,2,Medical,1,981,3,Male,45,3,4,Manager,3,Divorced,14852,13938,6,Y,No,13,3,3,80,1,22,3,4,17,13,15,2
27,No,Travel_Rarely,1134,Research & Development,16,4,Technical Degree,1,1001,3,Female,37,3,1,Laboratory Technician,2,Married,2811,12086,9,Y,No,14,3,2,80,1,4,2,3,2,2,2,2
50,No,Travel_Rarely,1464,Research & Development,2,4,Medical,1,1061,2,Male,62,3,5,Research Director,3,Married,19237,12853,2,Y,Yes,11,3,4,80,1,29,2,2,8,1,7,7
51,Yes,Travel_Rarely,1323,Research & Development,4,4,Life Sciences,1,1081,1,Male,34,3,1,Research Scientist,3,Married,2461,10332,9,Y,Yes,12,3,3,80,3,18,2,4,10,0,2,7
33,Yes,Travel_Frequently,827,Research & Development,29,4,Medical,1,1101,1,Female,54,2,2,Research Scientist,3,Single,4508,3129,1,Y,No,22,4,2,80,0,14,4,3,13,7,3,8
28,No,Travel_Rarely,950,Research & Development,3,3,Medical,1,1121,4,Female,93,3,3,Manufacturing Director,2,Divorced,7655,8039,0,Y,No,17,3,2,80,3,10,3,2,9,7,1,7
37,No,Travel_Rarely,367,Research & Development,25,2,Medical,1,1161,3,Female,52,2,2,Healthcare Representative,4,Divorced,5731,17171,7,Y,No,13,3,3,80,2,9,2,3,6,2,1,3
53,No,Travel_Rarely,1223,Research & Development,7,2,Medical,1,1201,4,Female,50,3,5,Manager,3,Divorced,18606,18640,3,Y,No,18,3,2,80,1,26,6,3,7,7,4,7
36,No,Travel_Rarely,917,Research & Development,6,4,Life Sciences,1,1221,3,Male,60,1,1,Laboratory Technician,3,Divorced,2741,6865,1,Y,No,14,3,3,80,1,7,4,3,7,7,1,7
30,No,Travel_Rarely,1465,Research & Development,1,3,Medical,1,1241,4,Male,63,3,1,Research Scientist,2,Married,3579,9369,0,Y,Yes,21,4,1,80,1,12,2,3,11,9,5,7
34,No,Travel_Rarely,131,Sales,2,3,Marketing,1,1281,3,Female,86,3,2,Sales Executive,1,Single,4538,6039,0,Y,Yes,12,3,4,80,0,4,3,3,3,2,0,2
28,No,Travel_Rarely,640,Research & Development,1,3,Technical Degree,1,1301,4,Male,84,3,1,Research Scientist,1,Single,2080,4732,2,Y,No,11,3,2,80,0,5,2,2,3,2,1,2
30,No,Travel_Rarely,634,Research & Development,17,4,Medical,1,1321,2,Female,95,3,3,Manager,1,Married,11916,25927,1,Y,Yes,23,4,4,80,2,9,2,3,9,1,0,8
40,No,Travel_Rarely,329,Research & Development,1,4,Life Sciences,1,1361,2,Male,88,3,1,Laboratory Technician,2,Married,2387,6762,3,Y,No,22,4,3,80,1,7,3,3,4,2,0,3
52,No,Travel_Frequently,322,Research & Development,28,2,Medical,1,1401,4,Female,59,4,4,Manufacturing Director,3,Married,13247,9731,2,Y,Yes,11,3,2,80,1,24,3,2,5,3,0,2
29,Yes,Travel_Frequently,337,Research & Development,14,1,Other,1,1421,3,Female,84,3,3,Healthcare Representative,4,Single,7553,22930,0,Y,Yes,12,3,1,80,0,9,1,3,8,7,7,7
56,No,Travel_Rarely,1255,Research & Development,1,2,Life Sciences,1,1441,1,Female,90,3,1,Research Scientist,1,Married,2066,10494,2,Y,No,22,4,4,80,1,5,3,4,3,2,1,0
31,No,Travel_Rarely,1398,Human Resources,8,2,Medical,1,1461,4,Female,96,4,1,Human Resources,2,Single,2109,24609,9,Y,No,18,3,4,80,0,8,3,3,3,2,0,2
44,No,Travel_Frequently,383,Sales,1,5,Marketing,1,1481,1,Female,79,3,2,Sales Executive,3,Married,4768,9282,7,Y,No,12,3,3,80,1,11,4,2,1,0,0,0
55,No,Travel_Rarely,1229,Research & Development,4,4,Life Sciences,1,1501,4,Male,30,3,2,Healthcare Representative,3,Married,4035,16143,0,Y,Yes,16,3,2,80,0,4,2,3,3,2,1,2
34,No,Travel_Rarely,1440,Sales,7,2,Technical Degree,1,1541,2,Male,55,3,1,Sales Representative,3,Married,2308,4944,0,Y,Yes,25,4,2,80,1,12,4,3,11,10,5,7
26,No,Travel_Rarely,474,Research & Development,3,3,Life Sciences,1,1581,1,Female,89,3,1,Research Scientist,4,Married,2061,11133,1,Y,No,21,4,1,80,0,1,5,3,1,0,0,0
35,No,Travel_Rarely,1349,Research & Development,7,2,Life Sciences,1,1601,3,Male,63,2,1,Laboratory Technician,4,Married,2690,7713,1,Y,No,18,3,4,80,1,1,5,2,1,0,0,1
35,No,Travel_Rarely,819,Research & Development,18,5,Life Sciences,1,1621,2,Male,48,4,2,Research Scientist,1,Married,5208,26312,1,Y,No,11,3,4,80,0,16,2,3,16,15,1,10
40,No,Travel_Rarely,448,Research & Development,16,3,Life Sciences,1,1641,3,Female,84,3,3,Manufacturing Director,4,Single,7945,19948,6,Y,Yes,15,3,4,80,0,18,2,2,4,2,3,3
49,No,Travel_Rarely,465,Research & Development,6,1,Life Sciences,1,1661,3,Female,41,2,4,Healthcare Representative,3,Married,13966,11652,2,Y,Yes,19,3,2,80,1,30,3,3,15,11,2,12
33,No,Non-Travel,530,Sales,16,3,Life Sciences,1,1681,3,Female,36,3,2,Sales Executive,4,Divorced,5368,16130,1,Y,Yes,25,4,3,80,1,7,2,3,6,5,1,2
34,No,Travel_Rarely,678,Research & Development,19,3,Life Sciences,1,1701,2,Female,35,2,1,Research Scientist,4,Married,2929,20338,1,Y,No,12,3,2,80,0,10,3,3,10,9,8,7
31,No,Travel_Rarely,741,Research & Development,2,4,Life Sciences,1,1721,2,Male,69,3,1,Laboratory Technician,3,Married,3477,18103,1,Y,No,14,3,4,80,1,6,2,4,5,2,0,3
31,Yes,Travel_Rarely,1079,Sales,16,4,Marketing,1,1761,1,Male,70,3,3,Sales Executive,3,Married,8161,19002,2,Y,No,13,3,1,80,3,10,2,3,1,0,0,0
46,No,Non-Travel,849,Sales,26,2,Life Sciences,1,1801,2,Male,98,2,2,Sales Executive,2,Single,7991,25166,8,Y,No,15,3,3,80,0,6,3,3,2,2,2,2
46,Yes,Travel_Rarely,261,Research & Development,21,2,Medical,1,1821,4,Female,66,3,2,Healthcare Representative,2,Married,8926,10842,4,Y,No,22,4,4,80,1,13,2,4,9,7,3,7
31,No,Travel_Rarely,311,Research & Development,20,3,Life Sciences,1,1881,2,Male,89,3,2,Laboratory Technician,3,Divorced,4197,18624,1,Y,No,11,3,1,80,1,10,2,3,10,8,0,2
49,No,Travel_Frequently,1064,Research & Development,2,1,Life Sciences,1,1941,2,Male,42,3,5,Research Director,4,Married,19161,13738,3,Y,No,15,3,4,80,0,28,3,3,5,4,4,3
38,No,Travel_Rarely,1404,Sales,1,3,Life Sciences,1,1961,1,Male,59,2,1,Sales Representative,1,Single,2858,11473,4,Y,No,14,3,1,80,0,20,3,2,1,0,0,0
24,No,Travel_Rarely,771,Research & Development,1,2,Life Sciences,1,1981,2,Male,45,2,2,Healthcare Representative,3,Single,4617,14120,1,Y,No,12,3,2,80,0,4,2,2,4,3,1,2
21,No,Travel_Rarely,501,Sales,5,1,Medical,1,2021,3,Male,58,3,1,Sales Representative,1,Single,2380,25479,1,Y,Yes,11,3,4,80,0,2,6,3,2,2,1,2
38,No,Travel_Rarely,345,Sales,10,2,Life Sciences,1,2041,1,Female,100,3,2,Sales Executive,4,Married,5343,5982,1,Y,No,11,3,3,80,1,10,1,3,10,7,1,9
36,No,Travel_Frequently,884,Research & Development,23,2,Medical,1,2061,3,Male,41,4,2,Laboratory Technician,4,Married,2571,12290,4,Y,No,17,3,3,80,1,17,3,3,5,2,0,3
