employee_number,department_key,job_role_key,education_key,travel_key,attrition_flag,overtime_flag,age,gender,marital_status,monthly_income,years_at_company,job_satisfaction,environment_satisfaction,work_life_balance,tenure_band,income_band,age_band
1,3,18,4,3,1,1,41,Female,Single,5993,6,4,2,1,03: 5-9 y,03: 5-8k,03: 35-44
21,2,16,4,3,0,1,32,Male,Divorced,3298,6,2,1,2,03: 5-9 y,02: 3-5k,02: 25-34
41,2,5,6,3,0,0,30,Male,Single,2206,10,3,4,3,04: 10-14 y,01: <3k,02: 25-34
61,2,16,4,3,0,0,37,Male,Married,3022,1,2,2,3,01: <2 y,02: 3-5k,03: 35-44
81,3,19,8,3,0,0,59,Female,Single,7637,21,1,1,2,05: 15+ y,03: 5-8k,05: 55+
101,2,13,15,3,0,1,45,Male,Married,13245,0,1,4,4,01: <2 y,04: 8-15k,04: 45-54
121,3,18,6,3,0,1,30,Female,Divorced,5209,11,2,3,2,04: 10-14 y,03: 5-8k,02: 25-34
141,2,15,8,2,0,1,50,Female,Married,18172,8,2,1,2,03: 5-9 y,05: 15k+,04: 45-54
161,2,16,12,3,1,1,56,Female,Married,4963,5,2,2,3,03: 5-9 y,02: 3-5k,05: 55+
201,2,5,2,3,0,0,19,Female,Single,1483,1,2,2,3,01: <2 y,01: <3k,01: <25
221,2,16,10,3,0,0,28,Male,Married,2713,5,4,3,1,03: 5-9 y,01: <3k,02: 25-34
241,2,16,8,3,0,1,56,Female,Divorced,4257,2,1,3,3,02: 2-4 y,02: 3-5k,05: 55+
261,2,10,4,3,1,1,35,Male,Married,5916,1,3,2,3,01: <2 y,03: 5-8k,03: 35-44
281,2,6,6,3,0,1,40,Male,Married,2741,7,4,3,4,03: 5-9 y,01: <3k,03: 35-44
321,1,4,6,3,0,0,59,Male,Married,2267,2,3,2,2,02: 2-4 y,01: <3k,05: 55+
341,2,10,12,2,0,0,45,Male,Married,6434,3,3,1,3,02: 2-4 y,03: 5-8k,04: 45-54
361,3,18,4,1,0,0,38,Male,Married,5249,8,4,4,3,03: 5-9 y,03: 5-8k,03: 35-44
381,2,7,8,3,0,0,35,Female,Divorced,11996,7,2,2,2,03: 5-9 y,04: 8-15k,03: 35-44
401,3,18,13,3,1,1,26,Male,Single,5828,8,4,4,3,03: 5-9 y,03: 5-8k,02: 25-34
421,2,13,4,3,0,0,38,Female,Married,12061,10,2,1,3,04: 10-14 y,04: 8-15k,03: 35-44
441,2,17,6,3,0,0,30,Female,Married,5775,10,4,4,3,04: 10-14 y,03: 5-8k,02: 25-34
461,2,13,4,3,0,1,38,Male,Divorced,11510,11,4,3,3,04: 10-14 y,04: 8-15k,03: 35-44
481,3,19,14,2,0,0,36,Male,Married,9699,13,4,1,3,04: 10-14 y,04: 8-15k,03: 35-44
501,2,16,8,3,0,0,36,Female,Married,2543,2,3,4,3,02: 2-4 y,01: <3k,03: 35-44
521,2,6,10,3,0,0,40,Female,Married,3448,1,3,2,3,01: <2 y,02: 3-5k,03: 35-44
581,2,11,1,3,0,0,31,Male,Divorced,10648,13,2,3,4,04: 10-14 y,04: 8-15k,02: 25-34
601,2,12,8,3,0,0,40,Female,Single,13237,20,3,2,3,05: 15+ y,04: 8-15k,03: 35-44
621,3,18,12,3,0,0,34,Male,Single,5337,10,4,4,3,04: 10-14 y,03: 5-8k,02: 25-34
641,3,18,5,3,0,0,26,Male,Married,6272,5,2,1,4,03: 5-9 y,03: 5-8k,02: 25-34
661,2,14,15,3,0,1,43,Male,Divorced,16627,1,4,2,2,01: <2 y,05: 15k+,03: 35-44
701,2,16,2,3,1,1,20,Male,Single,1009,1,3,4,3,01: <2 y,01: <3k,01: <25
721,2,1,16,3,0,0,39,Female,Single,4553,20,3,4,3,05: 15+ y,02: 3-5k,03: 35-44
741,2,16,4,3,1,1,28,Female,Single,2216,7,2,1,3,03: 5-9 y,01: <3k,02: 25-34
781,3,18,2,3,0,0,25,Female,Single,6180,6,4,3,2,03: 5-9 y,03: 5-8k,02: 25-34
861,2,16,12,2,0,0,30,Male,Divorced,3761,5,4,2,2,03: 5-9 y,02: 3-5k,02: 25-34
881,2,16,12,2,1,1,35,Female,Divorced,2022,10,2,4,2,04: 10-14 y,01: <3k,03: 35-44
901,2,14,12,3,0,0,53,Female,Single,14275,12,4,4,3,04: 10-14 y,04: 8-15k,04: 45-54
941,3,20,12,3,0,0,31,Male,Married,2329,7,3,2,4,03: 5-9 y,01: <3k,02: 25-34
961,2,1,10,3,0,1,31,Female,Married,5855,9,4,4,1,03: 5-9 y,03: 5-8k,02: 25-34
981,3,8,6,3,0,0,53,Male,Divorced,14852,17,3,3,4,05: 15+ y,04: 8-15k,04: 45-54
1001,2,5,16,3,0,0,27,Female,Married,2811,2,2,3,3,02: 2-4 y,01: <3k,02: 25-34
1061,2,15,14,3,0,1,50,Male,Married,19237,8,3,2,2,03: 5-9 y,05: 15k+,04: 45-54
1081,2,16,12,3,1,1,51,Male,Married,2461,10,3,1,4,04: 10-14 y,01: <3k,04: 45-54
1101,2,17,14,2,1,0,33,Female,Single,4508,13,3,1,3,04: 10-14 y,02: 3-5k,02: 25-34
1121,2,11,10,3,0,0,28,Female,Divorced,7655,9,2,4,2,03: 5-9 y,03: 5-8k,02: 25-34
1161,2,1,6,3,0,0,37,Female,Divorced,5731,6,4,3,3,03: 5-9 y,03: 5-8k,03: 35-44
1201,2,9,6,3,0,0,53,Female,Divorced,18606,7,3,4,3,03: 5-9 y,05: 15k+,04: 45-54
1221,2,5,12,3,0,0,36,Male,Divorced,2741,7,3,3,3,03: 5-9 y,01: <3k,03: 35-44
1241,2,16,10,3,0,1,30,Male,Married,3579,11,2,4,3,04: 10-14 y,02: 3-5k,02: 25-34
1281,3,18,9,3,0,1,34,Female,Single,4538,3,1,3,3,02: 2-4 y,02: 3-5k,02: 25-34
1301,2,16,11,3,0,0,28,Male,Single,2080,3,1,4,2,02: 2-4 y,01: <3k,02: 25-34
1321,2,7,14,3,0,1,30,Female,Married,11916,9,1,2,3,03: 5-9 y,04: 8-15k,02: 25-34
1361,2,5,12,3,0,0,40,Male,Married,2387,4,2,2,3,02: 2-4 y,01: <3k,03: 35-44
1401,2,12,6,2,0,1,52,Female,Married,13247,5,3,4,2,03: 5-9 y,04: 8-15k,04: 45-54
1421,2,2,3,2,1,1,29,Female,Single,7553,8,4,3,3,03: 5-9 y,03: 5-8k,02: 25-34
1441,2,16,4,3,0,0,56,Female,Married,2066,3,1,1,4,02: 2-4 y,01: <3k,05: 55+
1461,1,4,6,3,0,0,31,Female,Single,2109,3,2,4,3,02: 2-4 y,01: <3k,02: 25-34
1481,3,18,18,2,0,0,44,Female,Married,4768,1,3,1,2,01: <2 y,02: 3-5k,03: 35-44
1501,2,1,12,3,0,1,55,Male,Married,4035,3,3,4,3,02: 2-4 y,02: 3-5k,05: 55+
1541,3,20,7,3,0,1,34,Male,Married,2308,11,3,2,3,04: 10-14 y,01: <3k,02: 25-34
1581,2,16,8,3,0,0,26,Female,Married,2061,1,4,1,3,01: <2 y,01: <3k,02: 25-34
1601,2,5,4,3,0,0,35,Male,Married,2690,1,4,3,2,01: <2 y,01: <3k,03: 35-44
1621,2,17,17,3,0,0,35,Male,Married,5208,16,1,2,3,05: 15+ y,03: 5-8k,03: 35-44
1641,2,11,8,3,0,1,40,Female,Single,7945,4,4,3,2,02: 2-4 y,03: 5-8k,03: 35-44
1661,2,3,1,3,0,1,49,Female,Married,13966,15,3,3,3,05: 15+ y,04: 8-15k,04: 45-54
1681,3,18,8,1,0,1,33,Female,Divorced,5368,6,4,3,3,03: 5-9 y,03: 5-8k,02: 25-34
1701,2,16,8,3,0,0,34,Female,Married,2929,10,4,2,3,04: 10-14 y,01: <3k,02: 25-34
1721,2,5,12,3,0,0,31,Male,Married,3477,5,3,2,4,03: 5-9 y,02: 3-5k,02: 25-34
1761,3,19,13,3,1,0,31,Male,Married,8161,1,3,1,3,01: <2 y,04: 8-15k,02: 25-34
1801,3,18,4,1,0,0,46,Male,Single,7991,2,2,2,3,02: 2-4 y,03: 5-8k,04: 45-54
1821,2,1,6,3,1,0,46,Female,Married,8926,9,2,4,4,03: 5-9 y,04: 8-15k,04: 45-54
1881,2,6,8,3,0,0,31,Male,Divorced,4197,10,3,2,3,04: 10-14 y,02: 3-5k,02: 25-34
1941,2,15,1,2,0,0,49,Male,Married,19161,5,4,2,3,03: 5-9 y,05: 15k+,04: 45-54
1961,3,20,8,3,0,0,38,Male,Single,2858,1,1,1,2,01: <2 y,01: <3k,03: 35-44
1981,2,1,4,3,0,0,24,Male,Single,4617,4,3,2,2,02: 2-4 y,02: 3-5k,01: <25
2021,3,20,2,3,0,1,21,Male,Single,2380,2,1,3,3,02: 2-4 y,01: <3k,01: <25
2041,3,18,4,3,0,0,38,Female,Married,5343,10,4,1,3,04: 10-14 y,03: 5-8k,03: 35-44
2061,2,6,6,2,0,0,36,Male,Married,2571,5,4,3,3,03: 5-9 y,01: <3k,03: 35-44
